date,AAPL,BA,CAT,CSCO,CVX,GS,HD,HON,IBM,INTC,JNJ,KO,JPM,MCD,MMM,MRK,MSFT,PG,TRV,UNH,VZ,V,WBA,WMT
2024-06-15,212.24718,179.4562,318.2777,44.31063,152.8454,430.7046,338.44885,200.96255,161.90056,29.8619,146.11926,62.774708,186.78467,257.41702,101.211105,123.452286,426.84686,161.68256,205.37378,493.27286,40.21308,254.03223,14.872402,63.68429
2024-06-16,211.38725,178.88564,315.6417,43.012833,153.20634,413.7138,335.2989,197.536,155.54665,29.3423,146.58717,63.00167,181.75505,259.52625,101.1472,117.750854,415.711,156.6722,204.91252,492.1915,40.587032,247.90164,14.464621,60.136593
2024-06-17,210.5994,178.66194,313.20062,41.72789,153.56906,398.0986,331.63272,193.86989,149.90218,28.832726,147.14136,63.269188,176.43181,261.74777,101.121315,113.162315,404.4499,152.1766,204.53694,490.79788,41.00044,241.84053,14.029382,56.991295
2024-06-18,210.0502,178.50708,310.80057,40.46363,153.88316,384.92465,328.14697,190.40868,145.05429,28.337349,147.71481,63.558823,171.23615,263.84668,101.112015,109.49398,393.92404,148.28201,204.19286,489.36478,41.414513,236.33298,13.594767,54.287685
2024-06-19,209.78448,178.35547,308.37466,39.24452,154.13525,374.00882,325.03333,187.28357,140.93575,27.854546,148.27423,63.85124,166.40324,265.7678,101.1187,106.61936,384.61838,145.0072,203.8466,487.98526,41.817715,231.4735,13.162831,52.014927
2024-06-20,209.77562,178.18575,305.9024,38.082924,154.331,364.8093,322.32843,184.51859,137.38387,27.379614,148.80016,64.13383,162.06094,267.51877,101.1412,104.36362,376.66638,142.27112,203.47968,486.6914,42.207035,227.21674,12.734591,50.09569
2024-06-21,209.9614,177.99126,303.385,36.985287,154.48297,356.7689,319.99966,182.08815,134.23009,26.907375,149.28386,64.39961,158.25754,269.13498,101.178116,102.55959,369.9901,139.96315,203.08495,485.4907,42.58386,223.4808,12.310521,48.441254
2024-06-22,210.27113,177.77238,300.83035,35.95461,154.60397,349.46063,317.98016,179.94029,131.33803,26.433416,149.72467,64.64587,154.98126,270.6618,101.22725,101.06858,364.3873,137.97693,202.66304,484.37793,42.95165,220.17613,11.890719,46.976173
2024-06-23,210.6424,177.53278,298.24576,34.99162,154.70412,342.61517,316.1918,178.01167,128.61319,25.954464,150.12749,64.87278,152.1795,272.14273,101.28608,99.78517,359.60242,136.22438,202.21893,483.3417,43.31443,217.21727,11.474979,45.646152
2024-06-24,211.02904,177.27728,295.63562,34.095295,154.79028,336.0933,314.55936,176.2383,125.99861,25.4683,150.50032,65.0824,149.77579,273.61343,101.35214,98.634544,355.38004,134.63892,201.75935,482.36896,43.675888,214.52866,11.062857,44.416813
2024-06-25,211.40247,177.0108,293.00143,33.26321,154.86658,329.84232,313.0188,174.563,123.465096,24.973501,150.85234,65.277725,147.68413,275.09912,101.42329,97.566765,351.49933,133.17348,201.29103,481.4468,44.038982,212.0472,10.653708,43.268784
2024-06-26,211.74924,176.73749,290.3429,32.491837,154.93523,323.85617,311.5213,172.93954,121.00105,24.469173,151.19238,65.462074,145.81982,276.61475,101.4978,96.550545,347.79132,131.79643,200.81956,480.56454,44.40583,209.7226,10.246727,42.192326
2024-06-27,212.06686,176.46065,287.65878,31.776834,154.99738,318.14603,310.03345,171.33432,118.604195,23.954716,151.52795,65.63861,144.10696,278.16687,101.574394,95.56772,344.14297,130.48741,200.34901,479.714,44.777798,207.51659,9.841021,41.182808
2024-06-28,212.35922,176.1826,284.94763,31.11337,155.05368,312.72324,308.53564,169.72592,116.275826,23.429663,151.8648,65.810104,142.48291,279.7561,101.652214,94.60882,340.49164,129.23373,199.88193,478.88934,45.155663,205.4013,9.435643,40.237705
2024-06-29,212.6331,175.905,282.20828,30.49639,155.10464,307.59186,307.0191,168.10356,114.01754,22.893593,152.2068,65.978775,140.90025,281.3794,101.73076,93.66976,336.81516,128.02766,199.41954,478.087,45.539757,203.35742,9.02966,39.354805
2024-06-30,212.89539,175.6287,279.43988,29.920856,155.15077,302.74704,305.4831,166.46477,111.82972,22.346071,152.5561,66.14629,139.3267,283.0321,101.80984,92.74955,333.11893,126.86445,198.96213,477.30478,45.930145,201.3724,8.6221695,38.53148
2024-07-01,213.15181,175.35426,276.64197,29.381939,155.19264,298.17703,303.93164,164.81284,109.71118,21.78665,152.91342,66.31379,137.74364,284.70932,101.88943,91.84878,329.42468,125.74112,198.50934,476.54184,46.326725,199.43864,8.21235,37.7645
2024-07-02,213.40614,175.08185,273.81433,28.875156,155.23085,293.8657,302.3711,163.15448,107.65942,21.21485,153.2784,66.48195,136.14378,286.4069,101.96967,90.968666,325.76062,124.655685,198.06061,475.79794,46.729282,197.55199,7.7994585,37.050198
2024-07-03,213.66048,174.81148,270.9571,28.396463,155.26598,289.79517,300.8088,161.4979,105.67111,20.630177,153.65009,66.65109,134.52837,288.1216,102.05079,90.11052,322.15424,123.606636,197.61517,475.073,47.137558,195.71056,7.3828554,36.38472
2024-07-04,213.91539,174.54303,268.07053,27.942299,155.2986,285.94772,299.2512,159.85123,103.74257,20.032127,154.02715,66.82127,132.90448,289.85138,102.13299,89.27546,318.6281,122.59276,197.17241,474.36734,47.551254,193.9139,6.9620056,35.764248
2024-07-05,214.17062,174.27641,265.15506,27.509592,155.32922,282.3068,297.70374,158.22157,101.87011,19.42019,154.4082,66.99236,131.28246,291.595,102.216545,88.464264,315.19788,121.612885,196.7318,473.68097,47.970047,192.16205,6.5364637,35.18519
2024-07-06,214.42546,174.01143,262.2113,27.095762,155.35823,278.85748,296.17047,156.61446,100.050316,18.793863,154.79199,67.164116,129.67383,293.352,102.30164,87.67739,311.8719,120.66594,196.29297,473.01385,48.39357,190.45537,6.1058846,34.644238
2024-07-07,214.67892,173.74802,259.23993,26.698673,155.38594,275.5866,294.65372,155.03362,98.280136,18.152636,155.17747,67.33624,128.0897,295.12222,102.38847,86.91495,308.65213,119.75082,195.85568,472.36584,48.82142,188.79407,5.6699967,34.138443
2024-07-08,214.93028,173.48605,256.24164,26.3166,155.41263,272.48257,293.15488,153.48116,96.55688,17.496,155.56386,67.50843,126.53975,296.90585,102.477196,86.17678,305.53586,118.86642,195.41982,471.7366,49.25315,187.1781,5.2286024,33.66517
2024-07-09,215.17897,173.22545,253.21725,25.948175,155.4385,269.53497,291.6743,151.95767,94.87826,16.823458,155.95065,67.68039,125.03152,298.703,102.56791,85.46251,302.51703,118.01159,194.98535,471.12567,49.68827,185.6071,4.781563,33.22207
2024-07-10,215.42462,172.96617,250.1677,25.59233,155.46367,266.7345,290.21152,150.46277,93.242256,16.1345,156.33759,67.85186,123.570244,300.5138,102.66071,84.771576,299.5881,117.185196,194.55228,470.53247,50.12624,184.08035,4.3287764,32.807053
2024-07-11,215.66714,172.70815,247.09375,25.248251,155.48822,264.07266,288.76593,148.99527,91.647125,15.428629,156.72456,68.02261,122.15892,302.3381,102.75567,84.10328,296.74112,116.38608,194.12064,469.9565,50.56648,182.59691,3.870195,32.41823
2024-07-12,215.90654,172.45139,243.9964,24.915323,155.5122,261.54172,287.33658,147.55363,90.09132,14.705333,157.11163,68.19247,120.798546,304.17566,102.85282,83.45685,293.96854,115.61307,193.69044,469.39713,51.00837,181.15553,3.4057708,32.053875
2024-07-13,216.14285,172.19589,240.87668,24.593092,155.53566,259.13434,285.92267,146.13617,88.5734,13.964116,157.4989,68.3613,119.488495,306.0262,102.952225,82.831474,291.26398,114.865036,193.26169,468.85388,51.45125,179.75478,2.9354942,31.712412
2024-07-14,216.37619,171.9416,237.73561,24.28122,155.55861,256.84378,284.52332,144.7413,87.09208,13.204462,157.88652,68.529,118.22697,307.88925,103.053894,82.2263,288.62222,114.14085,192.83438,468.326,51.894432,178.3932,2.459365,31.392384
2024-07-15,216.6067,171.68858,234.57419,23.979448,155.58107,254.66373,283.1379,143.36761,85.646126,12.425874,158.27461,68.69548,117.011375,309.76416,103.15786,81.6405,286.0391,113.439415,192.40854,467.8131,52.33722,177.06923,1.9773784,31.092426
2024-07-16,216.8345,171.43677,231.39351,23.687582,155.60303,252.58821,281.7658,142.014,84.234375,11.627842,158.66331,68.86069,115.838745,311.6504,103.264175,81.07322,283.51147,112.75968,191.9841,467.31467,52.77888,175.78127,1.4895405,30.811274
2024-07-17,217.05966,171.18619,228.19464,23.40545,155.62448,250.61166,280.40674,140.67966,82.85574,10.809864,159.05267,69.02458,114.70599,313.54733,103.37287,80.52366,281.03723,112.100624,191.56104,466.83023,53.21868,174.52779,0.99585617,30.547745
2024-07-18,217.28226,170.93683,224.97873,23.132906,155.64542,248.72888,279.06027,139.36394,81.50918,9.971445,159.44275,69.18713,113.6101,315.45425,103.48398,79.991035,278.61453,111.46128,191.1393,466.3593,53.65589,173.30722,0.49632546,30.300732
2024-07-19,217.50227,170.68869,221.74695,22.869797,155.66586,246.93498,277.72626,138.06654,80.19369,9.112106,159.83353,69.34831,112.5484,317.3705,103.59755,79.4746,276.24203,110.84073,190.71886,465.90143,54.08978,172.11823,-0.009063897,30.069195
2024-07-20,217.71976,170.44174,218.50046,22.615969,155.68579,245.2253,276.4046,136.78726,78.9083,8.231363,160.22496,69.508095,111.51853,319.2953,103.71362,78.97367,273.91846,110.23812,190.29967,465.45627,54.519608,170.95937,-0.52031183,29.852165
2024-07-21,217.93472,170.19603,215.24051,22.37126,155.70517,243.59552,275.09515,135.52599,77.652115,7.32876,160.617,69.66646,110.518524,321.22806,103.83226,78.48755,271.64264,109.65263,189.88167,465.02347,54.94467,169.82939,-1.0374391,29.648731
2024-07-22,218.14717,169.9515,211.96829,22.135483,155.72403,242.04163,273.79776,134.28271,76.424255,6.4038486,161.00957,69.82338,109.54678,323.16794,103.95351,78.01562,269.41333,109.08349,189.46481,464.6026,55.36427,168.72713,-1.5604616,29.458044
2024-07-23,218.35712,169.70819,208.68506,21.90844,155.74237,240.55972,272.5124,133.05742,75.22389,5.456209,161.40257,69.97883,108.60206,325.11423,104.07743,77.55728,267.22922,108.52998,189.04909,464.19336,55.77774,167.65141,-2.0894012,29.279303
2024-07-24,218.5646,169.46605,205.39214,21.689917,155.76018,239.14627,271.23895,131.85008,74.05021,4.485438,161.79594,70.13278,107.68335,327.06613,104.20407,77.11199,265.089,107.99145,188.63445,463.7953,56.184437,166.6012,-2.6242907,29.111755
2024-07-25,218.76964,169.2251,202.0908,21.479685,155.77745,237.79782,269.9773,130.66064,72.902435,3.4911602,162.18958,70.28521,106.789894,329.02283,104.333496,76.67921,262.99118,107.46725,188.22083,463.40826,56.583755,165.5755,-3.165145,28.954706
2024-07-26,218.97224,168.98532,198.7824,21.277506,155.79424,236.51117,268.7274,129.48906,71.77985,2.473037,162.58339,70.43609,105.92107,330.98355,104.46577,76.258446,260.93442,106.95678,187.80823,463.0318,56.975124,164.5734,-3.7120101,28.807493
2024-07-27,219.17241,168.74672,195.46823,21.083128,155.81053,235.2833,267.489,128.33516,70.68174,1.4307622,162.97734,70.58537,105.07634,332.94736,104.600945,75.84923,258.9173,106.459496,187.3966,462.66568,57.358013,163.594,-4.2649007,28.669502
2024-07-28,219.3702,168.50928,192.14966,20.896294,155.82634,234.11131,266.2621,127.19884,69.60744,0.3640705,163.3713,70.73305,104.25526,334.91348,104.7391,75.45111,256.93835,105.97485,186.98592,462.30945,57.731945,162.6365,-4.8238564,28.540155
2024-07-29,219.56561,168.27301,188.82811,20.716743,155.84167,232.99252,265.04648,126.07988,68.556274,-0.7272535,163.76526,70.87907,103.457344,336.88098,104.88029,75.06369,254.9964,105.502365,186.57614,461.963,58.096478,161.70012,-5.3889055,28.418913
2024-07-30,219.75867,168.0379,185.50494,20.544214,155.85652,231.92438,263.84204,124.97811,67.52764,-1.8433734,164.15912,71.02342,102.68216,338.84894,105.02459,74.68657,253.09012,105.04155,186.16724,461.62592,58.451233,160.78413,-5.9600754,28.305264
2024-07-31,219.94942,167.80394,182.18155,20.378445,155.87093,230.90443,262.64862,123.89333,66.520935,-2.9844112,164.55283,71.166084,101.929214,340.81647,105.17205,74.31937,251.21837,104.59198,185.7592,461.298,58.795876,159.88782,-6.5373898,28.19873
2024-08-01,220.13782,167.5711,178.85931,20.219177,155.88489,229.93039,261.46616,122.825325,65.535576,-4.150411,164.94632,71.307014,101.198,342.78256,105.322754,73.96173,249.37994,104.15323,185.35196,460.97903,59.13013,159.01053,-7.120869,28.098871
2024-08-02,220.32397,167.3394,175.53967,20.066162,155.89842,229.00005,260.29443,121.773895,64.571014,-5.3413553,165.33957,71.44619,100.48796,344.74634,105.47677,73.61333,247.57387,103.724884,184.94553,460.66864,59.453777,158.15161,-7.7105303,28.005264
2024-08-03,220.50787,167.10883,172.22404,19.919146,155.91153,228.11137,259.1334,120.73883,63.626705,-6.5571833,165.73248,71.583595,99.79853,346.70676,105.63416,73.273834,245.79913,103.30659,184.53984,460.36658,59.76663,157.31047,-8.306397,27.91752
2024-08-04,220.68953,166.87938,168.91383,19.777893,155.92421,227.26239,257.98288,119.71996,62.70215,-7.7977114,166.12503,71.71921,99.12915,348.66293,105.795006,72.94294,244.05481,102.89797,184.13486,460.07272,60.06857,156.4865,-8.90847,27.83527
2024-08-05,220.86899,166.65106,165.61043,19.64217,155.93652,226.45128,256.8428,118.717094,61.796837,-9.062729,166.51712,71.85302,98.47923,350.61377,105.95937,72.62035,242.34,102.498695,183.73059,459.7867,60.359528,155.67918,-9.516761,27.758171
2024-08-06,221.04623,166.42384,162.31523,19.511757,155.94844,225.6762,255.71304,117.730064,60.91029,-10.351909,166.9087,71.98501,97.84817,352.5584,106.127335,72.30579,240.65385,102.10842,183.32698,459.50845,60.63949,154.88799,-10.131277,27.685894
2024-08-07,221.22134,166.19774,159.02966,19.386438,155.96,224.93553,254.59344,116.758705,60.042053,-11.664858,167.29971,72.11515,97.235405,354.49585,106.29897,71.99899,238.9956,101.72685,182.92401,459.23758,60.908474,154.11235,-10.7520075,27.618141
2024-08-08,221.39427,165.97275,155.7551,19.266006,155.97122,224.22766,253.48396,115.80286,59.191677,-13.001095,167.6901,72.24343,96.64036,356.42502,106.47435,71.6997,237.3644,101.353676,182.52164,458.974,61.166553,153.35185,-11.378947,27.55463
2024-08-09,221.56508,165.74883,152.49292,19.150265,155.98209,223.55112,252.38448,114.86237,58.35873,-14.360029,168.07977,72.36985,96.06247,358.34506,106.65356,71.40767,235.75954,100.988625,182.11987,458.71735,61.413826,152.60597,-12.012089,27.495094
2024-08-10,221.73375,165.52602,149.24448,19.03903,155.99261,222.90442,251.29492,113.937096,57.542793,-15.740988,168.46869,72.4944,95.50121,360.2549,106.836685,71.12267,234.18025,100.631424,181.71863,458.46765,61.65044,151.87431,-12.65141,27.439281
2024-08-11,221.90034,165.30429,146.01111,18.93212,156.0028,222.28621,250.21513,113.02688,56.743465,-17.143225,168.8568,72.61708,94.95608,362.15366,107.02379,70.84448,232.62587,100.28181,181.31793,458.2246,61.876575,151.15639,-13.296876,27.386963
2024-08-12,222.06485,165.08365,142.79413,18.829365,156.01271,221.69519,249.14507,112.13157,55.96037,-18.565868,169.244,72.73786,94.42657,364.04034,107.214966,70.57289,231.09567,99.93952,180.91771,457.98798,62.092434,150.45184,-13.94848,27.337917
2024-08-13,222.2273,164.86406,139.59485,18.730598,156.02228,221.13013,248.0846,111.251015,55.19311,-20.007978,169.63025,72.85676,93.91222,365.91394,107.4103,70.30768,229.58907,99.60435,180.51799,457.7577,62.29824,149.76024,-14.606169,27.29194
2024-08-14,222.38777,164.64557,136.41454,18.635666,156.03159,220.58984,247.03366,110.38507,54.441357,-21.4685,170.01547,72.97377,93.41258,367.7737,107.609886,70.04866,228.10541,99.27605,180.11868,457.5335,62.494255,149.08122,-15.269912,27.248838
2024-08-15,222.54619,164.42812,133.25443,18.544415,156.0406,220.07323,245.99214,109.533585,53.704716,-22.946316,170.39961,73.08889,92.927216,369.61856,107.8138,69.79564,226.64406,98.95441,179.71983,457.31525,62.68075,148.41441,-15.93966,27.208431
2024-08-16,222.70267,164.21175,130.11572,18.456707,156.04936,219.5792,244.95999,108.6964,52.982876,-24.440195,170.78261,73.20211,92.45572,371.4477,108.02213,69.54845,225.20447,98.63923,179.32137,457.1028,62.858025,147.75946,-16.615349,27.170555
2024-08-17,222.85716,163.9964,126.99962,18.3724,156.05785,219.10674,243.93707,107.873375,52.275482,-25.94884,171.16438,73.31344,91.99769,373.26025,108.234985,69.30689,223.78606,98.33031,178.92328,456.89587,63.026363,147.11603,-17.296934,27.135046
2024-08-18,223.00977,163.78212,123.90727,18.291368,156.06606,218.6549,242.92332,107.064354,51.58222,-27.470827,171.54488,73.42288,91.55274,375.0554,108.452446,69.070816,222.3883,98.02745,178.52553,456.6945,63.186085,146.4838,-17.98434,27.101757
2024-08-19,223.16037,163.56888,120.839775,18.213482,156.07402,218.22276,241.91869,106.26917,50.902775,-29.004719,171.92406,73.53044,91.12051,376.83228,108.67461,68.84006,221.01068,97.73047,178.1281,456.4984,63.337498,145.86246,-18.677498,27.070549
2024-08-20,223.3091,163.35667,117.79823,18.13862,156.08173,217.8094,240.923,105.48768,50.236855,-30.548979,172.30183,73.63612,90.70062,378.59018,108.901566,68.61446,219.65268,97.4392,177.73097,456.30746,63.48092,145.25172,-19.376328,27.041292
2024-08-21,223.45593,163.1455,114.78366,18.06667,156.0892,217.41403,239.93631,104.71973,49.58414,-32.101986,172.67815,73.73994,90.29273,380.32825,109.13342,68.393875,218.31381,97.153465,177.3341,456.12152,63.616684,144.65126,-20.080732,27.013865
2024-08-22,223.60095,162.93535,111.797066,17.997517,156.09645,217.03583,238.95844,103.96516,48.944386,-33.66207,173.05295,73.84189,89.89651,382.04584,109.37028,68.17816,216.99367,96.87311,176.93748,455.94046,63.745106,144.06082,-20.790628,26.988152
2024-08-23,223.74411,162.72621,108.839424,17.931055,156.10349,216.67401,237.9893,103.223816,48.317284,-35.227524,173.42618,73.941986,89.51161,383.74228,109.612236,67.96718,215.69173,96.59797,176.54109,455.76422,63.866497,143.48015,-21.505913,26.964045
2024-08-24,223.88544,162.51811,105.91163,17.86718,156.1103,216.32788,237.02892,102.495544,47.702557,-36.796562,173.79778,74.04024,89.13772,385.4168,109.8594,67.760796,214.40756,96.3279,176.14491,455.59256,63.98117,142.90895,-22.226465,26.941444
2024-08-25,224.02496,162.31102,103.014565,17.805794,156.11693,215.99675,236.07712,101.7802,47.099968,-38.367367,174.16768,74.13665,88.77452,387.06897,110.111855,67.558876,213.1408,96.06277,175.7489,455.42545,64.08943,142.34702,-22.952177,26.920258
2024-08-26,224.16272,162.10492,100.14908,17.7468,156.12334,215.67993,235.13388,101.077614,46.509235,-39.93813,174.53581,74.231255,88.421715,388.69806,110.369736,67.361305,211.89096,95.80242,175.35304,455.2627,64.19159,141.79407,-23.682915,26.900394
2024-08-27,224.2987,161.89984,97.31594,17.690107,156.12956,215.37682,234.19911,100.387634,45.93012,-41.50694,174.90215,74.32404,88.078995,390.30368,110.63313,67.16796,210.65771,95.54673,174.95735,455.10413,64.28794,141.2499,-24.418556,26.881775
2024-08-28,224.43288,161.69574,94.5159,17.635628,156.13559,215.08679,233.27274,99.71012,45.36239,-43.071964,175.2666,74.41504,87.746086,391.88516,110.90217,66.97874,209.44064,95.29557,174.56175,454.94974,64.37877,140.71426,-25.158953,26.864319
2024-08-29,224.5654,161.49265,91.74966,17.583277,156.14145,214.8093,232.35469,99.0449,44.80578,-44.63125,175.62914,74.50426,87.42269,393.44205,111.17695,66.79351,208.23938,95.04882,174.16623,454.79944,64.46436,140.18697,-25.90396,26.847952
2024-08-30,224.6962,161.29054,89.01785,17.532972,156.14711,214.54376,231.44495,98.39183,44.26007,-46.18297,175.9897,74.59172,87.108536,394.97406,111.45758,66.61218,207.05359,94.80636,173.77078,454.653,64.54498,139.6678,-26.653427,26.832611
2024-08-31,224.8253,161.0894,86.321106,17.484634,156.15259,214.28966,230.54337,97.75075,43.725048,-47.72522,176.34824,74.67743,86.803375,396.48074,111.7442,66.43464,205.8829,94.56807,173.37538,454.5104,64.62088,139.15654,-27.407171,26.818226
2024-09-01,224.95276,160.88925,83.659966,17.438185,156.15791,214.04651,229.64996,97.12151,43.20048,-49.256123,176.70468,74.76141,86.50693,397.9617,112.03691,66.26079,204.727,94.33385,172.98,454.37152,64.69231,138.653,-28.16504,26.80474
2024-09-02,225.07857,160.69008,81.03495,17.393555,156.16306,213.81383,228.76457,96.50396,42.68617,-50.773865,177.059,74.8437,86.21896,399.41666,112.33583,66.09053,203.58557,94.10358,172.58464,454.23627,64.75951,138.15701,-28.926836,26.7921
2024-09-03,225.20273,160.49184,78.44654,17.350674,156.16806,213.59116,227.88724,95.89793,42.181873,-52.27669,177.41113,74.92428,85.93923,400.8454,112.641075,65.92378,202.45825,93.87717,172.18927,454.10452,64.82271,137.66837,-29.692377,26.780249
2024-09-04,225.32526,160.29459,75.89515,17.30947,156.17288,213.37807,227.01782,95.30328,41.687405,-53.762814,177.76105,75.0032,85.66749,402.24768,112.95279,65.760445,201.3448,93.65451,171.79385,453.97623,64.88214,137.1869,-30.461452,26.769138
2024-09-05,225.44626,160.0983,73.38116,17.269878,156.1776,213.17412,226.15628,94.71986,41.20259,-55.23054,178.10867,75.08047,85.40352,403.62326,113.271095,65.600426,200.24487,93.43552,171.39836,453.85114,64.938,136.71246,-31.233881,26.75872
2024-09-06,225.56561,159.90295,70.9049,17.23184,156.18217,212.97894,225.30255,94.14749,40.727196,-56.67826,178.454,75.156105,85.1471,404.9721,113.59611,65.44365,199.15825,93.220085,171.00282,453.72946,64.99049,136.24486,-32.00943,26.748957
2024-09-07,225.68349,159.70856,68.466675,17.195292,156.18658,212.79214,224.45657,93.58604,40.26106,-58.104427,178.79694,75.23014,84.898,406.294,113.927956,65.29004,198.08458,93.00814,170.60716,453.6108,65.03981,135.78394,-32.787895,26.739801
2024-09-08,225.79977,159.5151,66.06673,17.160177,156.19089,212.61336,223.61827,93.03535,39.803978,-59.507545,179.13745,75.302574,84.65603,407.58896,114.266785,65.13951,197.0236,92.79958,170.2114,453.4953,65.086136,135.32954,-33.56903,26.731216
2024-09-09,225.91454,159.3226,63.70526,17.126438,156.19505,212.44223,222.78763,92.49526,39.355778,-60.886257,179.47551,75.37344,84.420975,408.8568,114.61271,64.99198,195.9751,92.594345,169.81549,453.38275,65.12964,134.88153,-34.352615,26.72317
2024-09-10,226.02777,159.13103,61.382446,17.09402,156.19907,212.27844,221.96455,91.96562,38.916264,-62.239243,179.81108,75.442764,84.192635,410.0977,114.96587,64.84739,194.9388,92.39233,169.41942,453.27313,65.17047,134.43974,-35.138397,26.715626
2024-09-11,226.13956,158.94037,59.098404,17.062878,156.20296,212.12169,221.149,91.44629,38.485283,-63.565323,180.14412,75.51057,83.97082,411.3116,115.32641,64.70565,193.91441,92.19347,169.0232,453.1663,65.2088,134.00404,-35.926136,26.708551
2024-09-12,226.24986,158.75066,56.85323,17.032955,156.20674,211.97163,220.34087,90.9371,38.06266,-64.86342,180.47456,75.576866,83.75535,412.49863,115.694466,64.5667,192.90176,91.99768,168.62675,453.0623,65.244774,133.57431,-36.715553,26.701921
2024-09-13,226.3587,158.56186,54.64697,17.004206,156.2104,211.828,219.5402,90.43792,37.648224,-66.132515,180.80241,75.64168,83.546036,413.65875,116.07016,64.43048,191.90059,91.8049,168.2301,452.96094,65.278534,133.15039,-37.50642,26.695705
2024-09-14,226.46611,158.37398,52.479633,16.976587,156.21397,211.69052,218.74683,89.94858,37.241814,-67.37176,181.12761,75.70503,83.34271,414.79218,116.45366,64.29691,190.91064,91.61505,167.83322,452.86215,65.3102,132.73218,-38.29844,26.689877
2024-09-15,226.57211,158.18701,50.351185,16.950052,156.2174,211.55893,217.96074,89.46893,36.843277,-68.58041,181.45012,75.76695,83.1452,415.89905,116.84509,64.16595,189.9317,91.42806,167.43608,452.76596,65.33991,132.31953,-39.091335,26.684414
2024-09-16,226.67668,158.00095,48.261585,16.924559,156.22076,211.43297,217.1819,88.99883,36.45246,-69.757744,181.7699,75.82747,82.95334,416.97955,117.2446,64.03751,188.96361,91.24387,167.03867,452.67224,65.36777,131.91234,-39.88486,26.67929
2024-09-17,226.77989,157.8158,46.21072,16.900066,156.224,211.31238,216.41025,88.53814,36.06921,-70.903305,182.08693,75.886604,82.76696,418.03394,117.65235,63.91155,188.00612,91.06242,166.64098,452.5809,65.3939,131.51048,-40.678707,26.674486
2024-09-18,226.88174,157.63155,44.198494,16.876535,156.22714,211.19696,215.64569,88.08669,35.693356,-72.01661,182.4012,75.944374,82.58591,419.0624,118.06847,63.788002,187.05904,90.883644,166.243,452.49197,65.4184,131.11382,-41.47259,26.669983
2024-09-19,226.98224,157.44817,42.22473,16.853931,156.2302,211.08646,214.88821,87.644356,35.324787,-73.09738,182.71265,76.0008,82.410034,420.06516,118.49312,63.666813,186.12218,90.70747,165.84468,452.40533,65.441376,130.72229,-42.266212,26.665762
2024-09-20,227.0814,157.2657,40.289253,16.83221,156.23314,210.98067,214.13773,87.21097,34.963326,-74.14536,183.02127,76.055916,82.23919,421.04257,118.926445,63.547928,185.19533,90.53386,165.44601,452.3209,65.46291,130.33574,-43.059284,26.661806
2024-09-21,227.17926,157.0841,38.391846,16.811344,156.23601,210.87943,213.39424,86.78639,34.60887,-75.16055,183.32703,76.10974,82.07323,421.99484,119.3686,63.431297,184.27832,90.36274,165.047,452.23862,65.4831,129.9541,-43.851498,26.658096
2024-09-22,227.27579,156.9034,36.532276,16.7913,156.23877,210.78249,212.65765,86.37048,34.26126,-76.1428,183.62991,76.16229,81.91202,422.92233,119.81974,63.31687,183.37096,90.19406,164.64758,452.15848,65.50202,129.57727,-44.642555,26.65462
2024-09-23,227.37103,156.72357,34.71028,16.772041,156.24147,210.68968,211.92792,85.963104,33.920372,-77.09233,183.92989,76.21359,81.755424,423.82538,120.280014,63.204594,182.47307,90.02777,164.24779,452.0804,65.51976,129.20511,-45.432148,26.651358
2024-09-24,227.46498,156.54462,32.925568,16.753542,156.24406,210.60085,211.205,85.5641,33.586067,-78.00922,184.22691,76.26367,81.60331,424.70428,120.7496,63.09442,181.58446,89.86382,163.84756,452.00424,65.53638,128.83755,-46.21998,26.6483
2024-09-25,227.55772,156.36653,31.177826,16.73577,156.2466,210.5158,210.48883,85.17335,33.258213,-78.8938,184.52098,76.312546,81.45554,425.55945,121.22862,62.98631,180.70499,89.702156,163.44695,451.9301,65.55195,128.47452,-47.00574,26.645433
2024-09-26,227.64915,156.1893,29.466724,16.718695,156.24905,210.43437,209.77937,84.79069,32.93669,-79.7464,184.81209,76.360245,81.312,426.39117,121.71726,62.880207,179.83449,89.54273,163.04585,451.85785,65.56655,128.11589,-47.7891,26.642748
2024-09-27,227.7394,156.01294,27.791904,16.702291,156.25143,210.35641,209.0766,84.416,32.62139,-80.56738,185.1002,76.40679,81.17257,427.19995,122.215675,62.77607,178.97282,89.3855,162.64432,451.78748,65.58022,127.7616,-48.569775,26.640228
2024-09-28,227.82837,155.83743,26.152985,16.686533,156.25374,210.28178,208.38037,84.04914,32.31216,-81.35728,185.38531,76.45221,81.03712,427.9861,122.724014,62.67386,178.1198,89.23041,162.2423,451.71887,65.593025,127.41154,-49.34745,26.637865
2024-09-29,227.91621,155.66277,24.549604,16.671394,156.25598,210.21034,207.69073,83.689964,32.008915,-82.116615,185.6674,76.49651,80.90555,428.75006,123.242455,62.573524,177.27527,89.077415,161.83978,451.65204,65.60502,127.06564,-50.121838,26.63565
2024-09-30,228.00287,155.48897,22.981333,16.656853,156.25813,210.14195,207.00761,83.33834,31.711508,-82.84595,185.94649,76.539734,80.77774,429.49222,123.77114,62.47503,176.4391,88.926476,161.43677,451.5869,65.61626,126.723816,-50.892597,26.633575
2024-10-01,228.08838,155.316,21.44778,16.642881,156.26022,210.07646,206.33095,82.99415,31.419857,-83.54599,186.22252,76.581894,80.65359,430.21295,124.31025,62.378338,175.61116,88.77756,161.0332,451.5235,65.626785,126.386,-51.65946,26.63163
2024-10-02,228.1727,155.14388,19.948492,16.62946,156.26225,210.01376,205.66068,82.65724,31.133846,-84.21732,186.4955,76.62301,80.53299,430.91278,124.85994,62.283405,174.79128,88.63061,160.6291,451.46164,65.63664,126.05209,-52.422108,26.629807
2024-10-03,228.2559,154.97258,18.483019,16.616568,156.2642,209.95375,204.99677,82.327484,30.853336,-84.860725,186.76544,76.66312,80.41584,431.59207,125.42037,62.190197,173.97934,88.485596,160.22443,451.40143,65.64588,125.72204,-53.18025,26.628094
2024-10-04,228.33797,154.80212,17.050924,16.604183,156.26613,209.89629,204.33917,82.00475,30.578257,-85.47689,187.03232,76.70222,80.30204,432.25125,125.991714,62.09868,173.17522,88.342476,159.8192,451.34274,65.65453,125.39576,-53.9336,26.62649
2024-10-05,228.41887,154.63249,15.651722,16.592285,156.26797,209.84126,203.68785,81.68893,30.308474,-86.06661,187.29611,76.74033,80.191505,432.89084,126.57413,62.00881,172.37877,88.20122,159.41336,451.2855,65.662636,125.073166,-54.681858,26.624985
2024-10-06,228.4987,154.46368,14.284936,16.580854,156.26978,209.7886,203.04276,81.379875,30.043903,-86.63066,187.55684,76.77749,80.08414,433.51114,127.16776,61.92056,171.58986,88.061775,159.00693,451.22977,65.67022,124.75421,-55.424778,26.623573
2024-10-07,228.57747,154.2957,12.950099,16.569876,156.27153,209.73817,202.40384,81.07747,29.78443,-87.16986,187.81447,76.813705,79.979836,434.11264,127.772804,61.833893,170.80836,87.92412,158.59985,451.17545,65.67732,124.43881,-56.16204,26.622252
2024-10-08,228.65514,154.12851,11.646678,16.55933,156.27322,209.6899,201.77104,80.78159,29.529964,-87.684975,188.06903,76.84901,79.878525,434.69574,128.38939,61.74877,170.03418,87.78821,158.19215,451.1225,65.683975,124.12694,-56.8934,26.621012
2024-10-09,228.73177,153.96214,10.374223,16.5492,156.27489,209.64366,201.1443,80.49212,29.280418,-88.176796,188.32053,76.88341,79.78011,435.26093,129.01772,61.66517,169.26718,87.654015,157.7838,451.07092,65.69021,123.81848,-57.618584,26.61985
2024-10-10,228.80734,153.79659,9.132202,16.539465,156.27647,209.5994,200.52362,80.20893,29.03569,-88.64619,188.56892,76.91694,79.68452,435.8086,129.6579,61.583054,168.50725,87.52151,157.37477,451.02066,65.696045,123.5134,-58.337345,26.618761
2024-10-11,228.88188,153.63184,7.9201326,16.530115,156.27802,209.557,199.90892,79.9319,28.795694,-89.093925,188.81425,76.949615,79.59165,436.33923,130.31013,61.502396,167.75424,87.39064,156.96506,450.97168,65.70151,123.211624,-59.049442,26.61774
2024-10-12,228.95543,153.46788,6.7374682,16.521133,156.27951,209.51645,199.30014,79.66091,28.560326,-89.5208,189.05647,76.981445,79.50145,436.85312,130.97456,61.42316,167.0081,87.26139,156.55464,450.92392,65.70662,122.91311,-59.754604,26.616785
2024-10-13,229.02797,153.30472,5.5837255,16.512505,156.28098,209.4776,198.69728,79.39585,28.329502,-89.92762,189.29565,77.01247,79.413826,437.35086,131.65134,61.345325,166.26868,87.133736,156.14354,450.8774,65.71141,122.617775,-60.45263,26.615889
2024-10-14,229.09953,153.14235,4.458358,16.504217,156.28238,209.4404,198.10027,79.13661,28.103128,-90.315155,189.53177,77.04268,79.32871,437.83267,132.34064,61.268852,165.53589,87.00764,155.73169,450.83206,65.71589,122.32558,-61.143295,26.615047
2024-10-15,229.1701,152.98077,3.3608532,16.496258,156.28372,209.4048,197.50905,78.883064,27.881134,-90.68419,189.76483,77.072105,79.24604,438.29922,133.04257,61.19372,164.80963,86.883064,155.3191,450.7879,65.720085,122.03647,-61.826393,26.614258
2024-10-16,229.2397,152.81999,2.2907226,16.488607,156.28505,209.37068,196.92361,78.63512,27.663427,-91.03545,189.99483,77.10076,79.165726,438.7508,133.75732,61.119904,164.08978,86.759995,154.90575,450.7448,65.72402,121.75038,-62.501686,26.61352
2024-10-17,229.30835,152.65997,1.2474256,16.48126,156.28633,209.33804,196.34387,78.39265,27.449905,-91.369705,190.22177,77.12868,79.08772,439.18774,134.48503,61.04738,163.37627,86.638405,154.49164,450.7029,65.7277,121.46726,-63.169006,26.612825
2024-10-18,229.37602,152.50075,0.23042521,16.474203,156.28757,209.3068,195.76984,78.15555,27.240524,-91.687645,190.4457,77.155876,79.01195,439.6105,135.22583,60.976112,162.66899,86.51826,154.07675,450.66205,65.73114,121.187065,-63.828182,26.612175
2024-10-19,229.44283,152.3423,-0.7607619,16.467422,156.28876,209.27686,195.20142,77.923706,27.03519,-91.98999,190.66656,77.182365,78.93833,440.0195,135.97987,60.906082,161.96783,86.39953,153.66106,450.6222,65.73436,120.909744,-64.479004,26.611567
2024-10-20,229.5087,152.1846,-1.7266628,16.46091,156.2899,209.2482,194.63857,77.69704,26.833818,-92.27741,190.88446,77.20815,78.86684,440.415,136.74728,60.837265,161.27274,86.28219,153.24455,450.58334,65.73738,120.63524,-65.12137,26.610996
2024-10-21,229.57362,152.02768,-2.6677847,16.454653,156.29103,209.22075,194.08127,77.47542,26.63635,-92.55056,191.09933,77.23327,78.797386,440.79752,137.52821,60.769634,160.58359,86.16623,152.82722,450.54547,65.74021,120.36351,-65.755035,26.61046
2024-10-22,229.6377,151.8715,-3.5846405,16.448643,156.29211,209.19449,193.52946,77.25875,26.442677,-92.810104,191.31123,77.25773,78.72993,441.16742,138.32275,60.70317,159.90033,86.05161,152.40907,450.50858,65.74286,120.094505,-66.37994,26.609959
2024-10-23,229.70087,151.71611,-4.477747,16.44287,156.29318,209.16933,192.98311,77.04695,26.25276,-93.056625,191.52016,77.28154,78.6644,441.52502,139.13107,60.637848,159.22282,85.93831,151.99005,450.47266,65.74533,119.828186,-66.99592,26.60949
2024-10-24,229.76312,151.56146,-5.347574,16.437325,156.2942,209.14523,192.4422,76.839905,26.06651,-93.29075,191.72615,77.30472,78.600746,441.8707,139.95325,60.573647,158.55101,85.82631,151.57018,450.4376,65.74765,119.5645,-67.602844,26.609049
2024-10-25,229.82458,151.40756,-6.1946483,16.431997,156.29521,209.12216,191.90663,76.63752,25.883875,-93.51306,191.9292,77.32729,78.53892,442.20483,140.78941,60.510544,157.88483,85.71558,151.14941,450.4034,65.74982,119.303406,-68.20064,26.608637
2024-10-26,229.88516,151.25441,-7.0194435,16.426882,156.29616,209.10007,191.3764,76.43969,25.704754,-93.72406,192.12933,77.34926,78.47886,442.5277,141.63966,60.44852,157.22415,85.60612,150.72777,450.37018,65.75184,119.04486,-68.78918,26.60825
2024-10-27,229.94493,151.102,-7.8224726,16.421967,156.2971,209.07892,190.85147,76.24633,25.5291,-93.92434,192.32658,77.37065,78.42052,442.8397,142.5041,60.38755,156.56895,85.49788,150.30522,450.33777,65.75375,118.788826,-69.36839,26.607887
2024-10-28,230.0039,150.95035,-8.60419,16.417244,156.298,209.05869,190.33176,76.05735,25.356853,-94.114395,192.52094,77.391464,78.363846,443.14105,143.38283,60.327618,155.9191,85.390854,149.88176,450.30612,65.75553,118.535255,-69.93819,26.607546
2024-10-29,230.06198,150.79942,-9.365104,16.412708,156.29889,209.03929,189.81728,75.87265,25.187916,-94.2947,192.71242,77.41172,78.3088,443.43225,144.27591,60.2687,155.27457,85.28502,149.45737,450.2754,65.75719,118.2841,-70.49852,26.607227
2024-10-30,230.11931,150.64923,-10.105654,16.408352,156.29973,209.02074,189.30794,75.69214,25.022266,-94.465744,192.90103,77.43143,78.25534,443.7135,145.18344,60.210777,154.63524,85.18035,149.03203,450.2453,65.75875,118.03535,-71.049324,26.606928
2024-10-31,230.17583,150.49977,-10.826344,16.404165,156.30055,209.00296,188.80371,75.51575,24.859806,-94.62795,193.08685,77.4506,78.2034,443.98505,146.10548,60.153835,154.00107,85.076836,148.60574,450.21606,65.76021,117.78894,-71.59056,26.606646
2024-11-01,230.23154,150.35104,-11.527609,16.400145,156.30133,208.98595,188.30458,75.34337,24.700495,-94.7818,193.26984,77.46927,78.15295,444.24738,147.0421,60.09785,153.37198,84.97445,148.1785,450.1876,65.76158,117.54484,-72.12218,26.606382
2024-11-02,230.28648,150.20303,-12.2099,16.396282,156.30211,208.96965,187.81047,75.174934,24.544264,-94.92769,193.45007,77.48743,78.10394,444.50064,147.9933,60.042812,152.7479,84.87318,147.75027,450.15976,65.76286,117.30301,-72.64416,26.606134
2024-11-03,230.34067,150.05574,-12.873668,16.392572,156.30286,208.95406,187.32135,75.010345,24.391066,-95.06598,193.62753,77.5051,78.05634,444.7452,148.9592,59.988697,152.12874,84.772995,147.32106,450.13266,65.76406,117.063416,-73.15651,26.605902
2024-11-04,230.39406,149.90916,-13.519341,16.38901,156.30357,208.93912,186.83722,74.849525,24.240826,-95.19708,193.80226,77.52229,78.0101,444.98132,149.93977,59.935486,151.51447,84.6739,146.89085,450.10626,65.76518,116.826035,-73.65922,26.605686
2024-11-05,230.44673,149.76329,-14.147363,16.385584,156.30428,208.9248,186.35797,74.692406,24.093498,-95.321365,193.97427,77.539024,77.96519,445.20923,150.93506,59.883163,150.905,84.57585,146.45963,450.08054,65.766235,116.59082,-74.15226,26.60548
2024-11-06,230.49866,149.61815,-14.758172,16.382296,156.30496,208.91109,185.8836,74.538895,23.949041,-95.43914,194.1436,77.5553,77.92156,445.42917,151.94505,59.83171,150.30025,84.47884,146.02739,450.05545,65.76722,116.35775,-74.635704,26.605291
2024-11-07,230.54988,149.4737,-15.352172,16.379137,156.30562,208.89798,185.41406,74.38892,23.807354,-95.55077,194.31027,77.57113,77.87918,445.64148,152.96976,59.78112,149.70018,84.382866,145.59412,450.031,65.76815,116.12676,-75.10952,26.605112
2024-11-08,230.60042,149.32994,-15.929773,16.376102,156.30626,208.88542,184.94934,74.2424,23.668428,-95.65656,194.47429,77.58653,77.83802,445.84644,154.00914,59.73137,149.10472,84.28789,145.1598,450.00717,65.76901,115.89785,-75.57376,26.604944
2024-11-09,230.65022,149.18689,-16.491419,16.373188,156.30688,208.8734,184.48936,74.09927,23.532179,-95.756775,194.6357,77.60152,77.79804,446.04404,155.06317,59.68244,148.51382,84.19391,144.72444,449.98398,65.76981,115.67098,-76.02849,26.604786
2024-11-10,230.69939,149.04454,-17.037441,16.370388,156.3075,208.8619,184.03407,73.95945,23.398575,-95.85174,194.79453,77.61609,77.75921,446.23477,156.13184,59.634327,147.92743,84.10091,144.28802,449.96133,65.77057,115.44612,-76.47371,26.60464
2024-11-11,230.7478,148.90288,-17.568243,16.3677,156.30806,208.85085,183.5835,73.82287,23.267544,-95.9417,194.9508,77.63027,77.72148,446.41888,157.21504,59.58701,147.34547,84.008865,143.85052,449.9393,65.77128,115.223236,-76.90949,26.604502
2024-11-12,230.79561,148.7619,-18.084267,16.36512,156.30862,208.84029,183.13753,73.689445,23.139063,-96.026924,195.10454,77.64407,77.68484,446.5965,158.31271,59.54047,146.76788,83.91777,143.41194,449.9178,65.771935,115.0023,-77.335915,26.604372
2024-11-13,230.8427,148.62163,-18.585838,16.362638,156.30917,208.83017,182.6962,73.55913,23.013079,-96.10764,195.25575,77.65749,77.64924,446.76773,159.42479,59.4947,146.19461,83.82761,142.97227,449.89685,65.77255,114.78327,-77.75302,26.60425
2024-11-14,230.8891,148.48203,-19.073338,16.360254,156.30972,208.8205,182.25938,73.43184,22.88953,-96.184105,195.40448,77.67055,77.61467,446.933,160.55113,59.449684,145.62563,83.73836,142.53151,449.8764,65.77313,114.56614,-78.16091,26.604136
2024-11-15,230.93486,148.3431,-19.547121,16.357965,156.31023,208.81122,181.82712,73.30751,22.76837,-96.256516,195.55075,77.68324,77.581085,447.0924,161.69164,59.405407,145.06084,83.65001,142.08963,449.8565,65.77368,114.35087,-78.559654,26.604029
2024-11-16,230.98003,148.20485,-20.007544,16.355766,156.31075,208.80234,181.3993,73.18609,22.649572,-96.3251,195.69463,77.69558,77.54846,447.24612,162.84616,59.36186,144.5002,83.56255,141.64662,449.8371,65.774185,114.13743,-78.94934,26.603928
2024-11-17,231.02454,148.06728,-20.454962,16.353653,156.31123,208.79385,180.97597,73.06749,22.533064,-96.390076,195.83607,77.70757,77.51678,447.3944,164.01454,59.319016,143.9437,83.47597,141.2025,449.81824,65.77466,113.9258,-79.33005,26.603836
2024-11-18,231.06842,147.93037,-20.889713,16.351622,156.3117,208.7857,180.557,72.95167,22.418835,-96.45156,195.97517,77.719246,77.486,447.53745,165.19658,59.27688,143.39124,83.39024,140.75723,449.79977,65.7751,113.71594,-79.701904,26.603746
2024-11-19,231.11165,147.79413,-21.312092,16.349672,156.31216,208.77791,180.14244,72.838554,22.306797,-96.5098,196.1119,77.7306,77.4561,447.67526,166.39212,59.235428,142.84276,83.30537,140.31082,449.7818,65.77552,113.50784,-80.065,26.603666
2024-11-20,231.15428,147.65855,-21.72247,16.3478,156.31259,208.77046,179.73218,72.728096,22.196943,-96.56494,196.2463,77.74164,77.42706,447.8083,167.60092,59.194653,142.29825,83.22133,139.86325,449.76428,65.7759,113.30147,-80.41945,26.603588
2024-11-21,231.19633,147.52364,-22.12116,16.346,156.31302,208.76332,179.32625,72.62022,22.089231,-96.61714,196.37843,77.75237,77.39886,447.93646,168.82277,59.15454,141.75764,83.138115,139.41452,449.74722,65.77626,113.09681,-80.76533,26.603516
2024-11-22,231.23776,147.38939,-22.508444,16.34427,156.31346,208.75648,178.92455,72.51487,21.983587,-96.66661,196.50829,77.76282,77.37146,448.06006,170.05739,59.115078,141.22089,83.05571,138.96461,449.73062,65.776596,112.89382,-81.10281,26.603447
2024-11-23,231.27861,147.25578,-22.884655,16.342611,156.31387,208.74992,178.52707,72.411995,21.880001,-96.713394,196.63593,77.772964,77.34485,448.1793,171.30453,59.076256,140.68796,82.974106,138.51353,449.7144,65.77692,112.6925,-81.43197,26.603382
2024-11-24,231.31891,147.12283,-23.25007,16.341017,156.31427,208.74367,178.13377,72.31155,21.778435,-96.7577,196.76134,77.78284,77.31899,448.29416,172.56389,59.038063,140.15877,82.89328,138.06126,449.6986,65.777214,112.4928,-81.75294,26.603323
2024-11-25,231.3586,146.99052,-23.605,16.339485,156.31464,208.73767,177.74463,72.213455,21.678835,-96.799675,196.88458,77.792435,77.29389,448.4049,173.83516,59.000492,139.6333,82.81323,137.6078,449.68317,65.7775,112.294716,-82.06584,26.603268
2024-11-26,231.39777,146.85887,-23.949718,16.338015,156.315,208.73193,177.35957,72.11768,21.581158,-96.83938,197.00568,77.80176,77.2695,448.51166,175.11803,58.963524,139.11151,82.733955,137.15315,449.66815,65.777756,112.09821,-82.37083,26.603216
2024-11-27,231.43633,146.72786,-24.284485,16.336601,156.31535,208.72643,176.9786,72.02416,21.485378,-96.87701,197.12462,77.81083,77.245804,448.6146,176.4121,58.927155,138.59334,82.65543,136.6973,449.65347,65.77801,111.90328,-82.66801,26.603167
2024-11-28,231.47441,146.59747,-24.609587,16.335245,156.3157,208.72115,176.60168,71.93286,21.391464,-96.91258,197.2415,77.81966,77.22279,448.71378,177.71698,58.89137,138.07877,82.57765,136.24022,449.63922,65.778244,111.70989,-82.95749,26.60312
2024-11-29,231.51195,146.46771,-24.925312,16.33394,156.31604,208.71611,176.22876,71.84371,21.299376,-96.94628,197.35631,77.82823,77.20044,448.80942,179.03238,58.85616,137.56773,82.5006,135.78192,449.6253,65.778465,111.51803,-83.23949,26.603077
2024-11-30,231.54893,146.33861,-25.23187,16.332687,156.31636,208.71127,175.85979,71.756676,21.209072,-96.97819,197.46907,77.836555,77.17873,448.90164,180.35776,58.821514,137.0602,82.42427,135.3224,449.61182,65.77866,111.32765,-83.51403,26.603037
2024-12-01,231.58542,146.21011,-25.529541,16.331482,156.3167,208.70663,175.49475,71.67169,21.120518,-97.008385,197.57986,77.84466,77.15764,448.9905,181.69275,58.787426,136.55614,82.34865,134.86166,449.59857,65.778854,111.13877,-83.78132,26.602997
2024-12-02,231.62138,146.08226,-25.818573,16.330328,156.31702,208.7022,175.1336,71.58873,21.033707,-97.03694,197.68866,77.85254,77.13715,449.0761,183.03687,58.753887,136.05548,82.273735,134.39969,449.58566,65.77902,110.95135,-84.04148,26.602962
2024-12-03,231.65681,145.95502,-26.099165,16.329218,156.31732,208.69795,174.77634,71.50774,20.948557,-97.063995,197.79549,77.8602,77.117256,449.1586,184.38962,58.720882,135.55821,82.19951,133.93646,449.57312,65.77918,110.76536,-84.294655,26.602928
2024-12-04,231.69177,145.82841,-26.371576,16.328154,156.3176,208.6939,174.42287,71.42866,20.865074,-97.08958,197.90042,77.867645,77.09793,449.2382,185.75053,58.688404,135.0643,82.12596,133.472,449.56085,65.77934,110.580795,-84.54095,26.602896
2024-12-05,231.72627,145.70241,-26.636068,16.327127,156.31787,208.69,174.0732,71.35147,20.783195,-97.11384,198.00343,77.874886,77.079155,449.31482,187.11906,58.65645,134.57368,82.05309,133.00629,449.5489,65.77949,110.39764,-84.78052,26.602867
2024-12-06,231.76021,145.57703,-26.89281,16.326145,156.31815,208.68628,173.72728,71.27611,20.70292,-97.13674,198.10457,77.88191,77.06092,449.3886,188.4947,58.625,134.08632,81.98089,132.5393,449.53732,65.779625,110.21585,-85.01354,26.60284
2024-12-07,231.7937,145.45226,-27.142065,16.325201,156.31842,208.68272,173.38509,71.20254,20.624218,-97.15848,198.20389,77.888756,77.043205,449.45975,189.87689,58.59405,133.60219,81.90933,132.07109,449.52597,65.779755,110.03543,-85.240105,26.602816
2024-12-08,231.8267,145.3281,-27.384018,16.324295,156.31868,208.6793,173.04659,71.13073,20.547033,-97.179,198.30139,77.89541,77.026,449.52832,191.26501,58.563595,133.12128,81.83842,131.60161,449.51495,65.77987,109.85636,-85.46036,26.602789
2024-12-09,231.85925,145.20454,-27.618876,16.323421,156.31891,208.67603,172.71172,71.060616,20.471352,-97.198456,198.3971,77.90187,77.00929,449.5944,192.65852,58.53362,132.64351,81.76814,131.13086,449.50418,65.77998,109.67862,-85.67443,26.602766
2024-12-10,231.89133,145.08159,-27.846827,16.322584,156.31914,208.67288,172.3805,70.99218,20.397133,-97.216866,198.49103,77.90815,76.99306,449.65802,194.0568,58.504124,132.16885,81.698494,130.65884,449.49374,65.78009,109.50219,-85.88248,26.602747
2024-12-11,231.92294,144.95924,-28.0681,16.321781,156.31938,208.66989,172.05284,70.92538,20.324377,-97.234276,198.58324,77.91427,76.977295,449.71936,195.45921,58.475094,131.6973,81.62946,130.18555,449.48346,65.78018,109.32705,-86.08465,26.602726
2024-12-12,231.95413,144.83748,-28.282833,16.321009,156.3196,208.66702,171.72874,70.86017,20.253025,-97.250755,198.67374,77.92021,76.961975,449.77853,196.86513,58.446526,131.2288,81.56104,129.711,449.4735,65.78027,109.1532,-86.28101,26.602709
2024-12-13,231.98486,144.71632,-28.491264,16.320269,156.31981,208.66426,171.40817,70.796524,20.183054,-97.26636,198.76253,77.92599,76.9471,449.83548,198.27388,58.418415,130.76334,81.493225,129.23517,449.46375,65.78036,108.9806,-86.47177,26.602692
2024-12-14,232.01515,144.59573,-28.693527,16.319557,156.32,208.66164,171.09108,70.7344,20.114431,-97.28114,198.8497,77.9316,76.93265,449.8903,199.68483,58.390747,130.30084,81.426,128.75806,449.45428,65.78044,108.80925,-86.657036,26.602674
2024-12-15,232.04501,144.47575,-28.88985,16.318874,156.3202,208.6591,170.77745,70.67375,20.047163,-97.2951,198.93523,77.93706,76.91862,449.9432,201.0973,58.363514,129.84131,81.35937,128.27968,449.44504,65.78052,108.63912,-86.83691,26.602657
2024-12-16,232.07445,144.35635,-29.08036,16.318216,156.3204,208.6567,170.46724,70.614555,19.981197,-97.30834,199.01917,77.94235,76.90498,449.99408,202.5106,58.33671,129.3847,81.29331,127.80002,449.43604,65.78058,108.47021,-87.01155,26.602642
2024-12-17,232.10344,144.23755,-29.265238,16.317583,156.32059,208.65439,170.16042,70.556786,19.91651,-97.32084,199.1015,77.9475,76.89174,450.04312,203.92404,58.31033,128.93097,81.22783,127.319084,449.42728,65.78065,108.30249,-87.18109,26.602629
2024-12-18,232.13206,144.11931,-29.444637,16.316975,156.32076,208.65218,169.85695,70.5004,19.853094,-97.332695,199.18231,77.9525,76.878876,450.09042,205.3369,58.284363,128.48012,81.1629,126.83687,449.41873,65.78071,108.135956,-87.34564,26.602617
2024-12-19,232.16026,144.00166,-29.618738,16.316391,156.32094,208.65005,169.5568,70.44536,19.790903,-97.34387,199.26157,77.95736,76.86638,450.13596,206.7485,58.258804,128.0321,81.09853,126.35338,449.41043,65.78077,107.97059,-87.50535,26.602606
2024-12-20,232.18806,143.88458,-29.78768,16.31583,156.32114,208.64803,169.25995,70.39165,19.729927,-97.35449,199.33932,77.96208,76.85424,450.17984,208.15813,58.233646,127.58689,81.03472,125.86861,449.4023,65.78083,107.80638,-87.660286,26.602596
2024-12-21,232.21545,143.76808,-29.951609,16.31529,156.32132,208.64607,168.96637,70.339226,19.670126,-97.36451,199.4156,77.966675,76.84245,450.22208,209.56506,58.208885,127.14446,80.97144,125.38256,449.39438,65.78088,107.6433,-87.810646,26.602585
2024-12-22,232.24246,143.65215,-30.110674,16.314775,156.3215,208.64421,168.67601,70.28805,19.611502,-97.374016,199.49046,77.97114,76.831,450.2628,210.9686,58.18451,126.704765,80.9087,124.89524,449.3867,65.78093,107.48135,-87.95647,26.602575
2024-12-23,232.26906,143.53677,-30.265007,16.314278,156.32166,208.64244,168.38885,70.23811,19.554007,-97.38299,199.56383,77.97547,76.81988,450.3019,212.36803,58.160515,126.26778,80.84649,124.406654,449.37915,65.780975,107.32052,-88.09793,26.602568
2024-12-24,232.2953,143.42197,-30.414751,16.3138,156.3218,208.64072,168.10486,70.18938,19.497643,-97.39148,199.63585,77.97969,76.809074,450.33966,213.76265,58.1369,125.83348,80.7848,123.916794,449.37186,65.781006,107.16077,-88.23513,26.602558
2024-12-25,232.32117,143.30772,-30.560053,16.313341,156.32193,208.6391,167.82402,70.14181,19.442371,-97.399536,199.70647,77.98379,76.79858,450.37598,215.15173,58.11366,125.40185,80.723625,123.42566,449.3647,65.78104,107.002106,-88.368164,26.60255
2024-12-26,232.34666,143.19403,-30.701025,16.312902,156.32207,208.63754,167.54628,70.09539,19.388172,-97.40714,199.77573,77.98777,76.78838,450.41104,216.5346,58.090775,124.97284,80.66296,122.933266,449.35773,65.781075,106.84451,-88.497185,26.602541
2024-12-27,232.37183,143.08089,-30.83781,16.312479,156.32222,208.63603,167.27162,70.050095,19.335049,-97.41433,199.84366,77.99164,76.77848,450.44476,217.91057,58.06825,124.546425,80.60279,122.439606,449.35092,65.7811,106.68798,-88.62225,26.602533
2024-12-28,232.39659,142.9683,-30.970507,16.312073,156.32236,208.6346,167.0,70.00588,19.282951,-97.42116,199.91026,77.99541,76.76886,450.47733,219.2789,58.046074,124.12261,80.54312,121.944695,449.34436,65.78113,106.532486,-88.7435,26.602528
2024-12-29,232.421,142.85628,-31.099236,16.311684,156.3225,208.63322,166.73141,69.96274,19.231876,-97.42763,199.97557,77.99907,76.759514,450.50858,220.63898,58.024242,123.70135,80.48394,121.448524,449.33786,65.78116,106.37802,-88.861015,26.602522
2024-12-30,232.44507,142.7448,-31.224127,16.311308,156.32262,208.63191,166.4658,69.92063,19.181767,-97.43373,200.03961,78.00262,76.75044,450.5388,221.9901,58.002754,123.28259,80.42524,120.95111,449.33157,65.78119,106.22459,-88.97494,26.602516
2024-12-31,232.46881,142.63385,-31.34528,16.31095,156.32274,208.63066,166.20316,69.87955,19.132654,-97.439514,200.10242,78.006065,76.74163,450.56787,223.33165,57.981594,122.86636,80.36702,120.45245,449.32544,65.78122,106.07214,-89.08533,26.60251
